Cachorro,Gato
cachorro_001,gato_001
cachorro_002,gato_002
cachorro_003,gato_003
cachorro_004,gato_004
cachorro_005,gato_005
cachorro_006,gato_006
cachorro_007,gato_007
cachorro_008,gato_008
cachorro_009,gato_009
cachorro_010,gato_010
cachorro_011,gato_011
cachorro_012,gato_012
cachorro_013,gato_013
cachorro_014,gato_014
cachorro_015,gato_015
cachorro_016,gato_016
cachorro_017,gato_017
cachorro_018,gato_018
cachorro_019,gato_019
cachorro_020,gato_020
cachorro_021,gato_021
cachorro_022,gato_022
cachorro_023,gato_023
cachorro_024,gato_024
cachorro_025,gato_025
cachorro_026,gato_026
cachorro_027,gato_027
cachorro_028,gato_028
cachorro_029,gato_029
cachorro_030,gato_030
cachorro_031,gato_031
cachorro_032,gato_032
cachorro_033,gato_033
cachorro_034,gato_034
cachorro_035,gato_035
cachorro_036,gato_036
cachorro_037,gato_037
cachorro_038,gato_038
cachorro_039,gato_039
cachorro_040,gato_040
cachorro_041,gato_041
cachorro_042,gato_042
cachorro_043,gato_043
cachorro_044,gato_044
cachorro_045,gato_045
cachorro_046,gato_046
cachorro_047,gato_047
cachorro_048,gato_048
cachorro_049,gato_049
cachorro_050,gato_050
cachorro_051,gato_051
cachorro_052,gato_052
cachorro_053,gato_053
cachorro_054,gato_054
cachorro_055,gato_055
cachorro_056,gato_056
cachorro_057,gato_057
cachorro_058,gato_058
cachorro_059,gato_059
cachorro_060,gato_060
cachorro_061,gato_061
cachorro_062,gato_062
cachorro_063,gato_063
cachorro_064,gato_064
cachorro_065,gato_065
cachorro_066,gato_066
cachorro_067,gato_067
cachorro_068,gato_068
cachorro_069,gato_069
cachorro_070,gato_070
cachorro_071,gato_071
cachorro_072,gato_072
cachorro_073,gato_073
cachorro_074,gato_074
cachorro_075,gato_075
cachorro_076,gato_076
cachorro_077,gato_077
cachorro_078,gato_078
cachorro_079,gato_079
cachorro_080,gato_080
cachorro_081,gato_081
cachorro_082,gato_082
cachorro_083,gato_083
cachorro_084,gato_084
cachorro_085,gato_085
cachorro_086,gato_086
cachorro_087,gato_087
cachorro_088,gato_088
cachorro_089,gato_089
cachorro_090,gato_090
cachorro_091,gato_091
cachorro_092,gato_092
cachorro_093,gato_093
cachorro_094,gato_094
cachorro_095,gato_095
cachorro_096,gato_096
cachorro_097,gato_097
cachorro_098,gato_098
cachorro_099,gato_099
cachorro_100,gato_100